Date Time, Water Level, Sigma, O or I (for verified), F, R, L, Quality 
2026-03-15 00:00,0.127,0.011,0,0,0,0,v
2026-03-15 00:06,0.145,0.011,0,0,0,0,v
2026-03-15 00:12,0.178,0.011,0,0,0,0,v
2026-03-15 00:18,0.207,0.011,0,0,0,0,v
2026-03-15 00:24,0.223,0.011,0,0,0,0,v
2026-03-15 00:30,0.231,0.011,0,0,0,0,v
2026-03-15 00:36,0.239,0.011,0,0,0,0,v
2026-03-15 00:42,0.251,0.011,0,0,0,0,v
2026-03-15 00:48,0.266,0.011,0,0,0,0,v
2026-03-15 00:54,0.291,0.011,0,0,0,0,v
2026-03-15 01:00,0.319,0.011,0,0,0,0,v
2026-03-15 01:06,0.348,0.011,0,0,0,0,v
2026-03-15 01:12,0.37,0.011,0,0,0,0,v
2026-03-15 01:18,0.391,0.011,0,0,0,0,v
2026-03-15 01:24,0.408,0.011,0,0,0,0,v
2026-03-15 01:30,0.422,0.011,0,0,0,0,v
2026-03-15 01:36,0.441,0.011,0,0,0,0,v
2026-03-15 01:42,0.47,0.011,0,0,0,0,v
2026-03-15 01:48,0.503,0.011,0,0,0,0,v
2026-03-15 01:54,0.531,0.011,0,0,0,0,v
2026-03-15 02:00,0.551,0.011,0,0,0,0,v
2026-03-15 02:06,0.565,0.011,0,0,0,0,v
2026-03-15 02:12,0.575,0.011,0,0,0,0,v
2026-03-15 02:18,0.576,0.011,0,0,0,0,v
2026-03-15 02:24,0.573,0.011,0,0,0,0,v
2026-03-15 02:30,0.576,0.011,0,0,0,0,v
2026-03-15 02:36,0.587,0.011,0,0,0,0,v
2026-03-15 02:42,0.603,0.011,0,0,0,0,v
2026-03-15 02:48,0.617,0.011,0,0,0,0,v
2026-03-15 02:54,0.63,0.011,0,0,0,0,v
2026-03-15 03:00,0.645,0.011,0,0,0,0,v
2026-03-15 03:06,0.655,0.011,0,0,0,0,v
2026-03-15 03:12,0.658,0.011,0,0,0,0,v
2026-03-15 03:18,0.659,0.011,0,0,0,0,v
2026-03-15 03:24,0.664,0.011,0,0,0,0,v
2026-03-15 03:30,0.674,0.011,0,0,0,0,v
2026-03-15 03:36,0.686,0.011,0,0,0,0,v
2026-03-15 03:42,0.701,0.011,0,0,0,0,v
2026-03-15 03:48,0.72,0.011,0,0,0,0,v
2026-03-15 03:54,0.742,0.011,0,0,0,0,v
2026-03-15 04:00,0.762,0.011,0,0,0,0,v
2026-03-15 04:06,0.777,0.011,0,0,0,0,v
2026-03-15 04:12,0.791,0.011,0,0,0,0,v
2026-03-15 04:18,0.808,0.011,0,0,0,0,v
2026-03-15 04:24,0.839,0.011,0,0,0,0,v
2026-03-15 04:30,0.877,0.011,0,0,0,0,v
2026-03-15 04:36,0.909,0.011,0,0,0,0,v
2026-03-15 04:42,0.932,0.011,0,0,0,0,v
2026-03-15 04:48,0.948,0.011,0,0,0,0,v
2026-03-15 04:54,0.966,0.011,0,0,0,0,v
2026-03-15 05:00,0.986,0.011,0,0,0,0,v
2026-03-15 05:06,1.008,0.011,0,0,0,0,v
2026-03-15 05:12,1.027,0.011,0,0,0,0,v
2026-03-15 05:18,1.045,0.011,0,0,0,0,v
2026-03-15 05:24,1.063,0.011,0,0,0,0,v
2026-03-15 05:30,1.08,0.011,0,0,0,0,v
2026-03-15 05:36,1.093,0.011,0,0,0,0,v
2026-03-15 05:42,1.103,0.011,0,0,0,0,v
2026-03-15 05:48,1.117,0.011,0,0,0,0,v
2026-03-15 05:54,1.133,0.011,0,0,0,0,v
2026-03-15 06:00,1.146,0.011,0,0,0,0,v
2026-03-15 06:06,1.151,0.011,0,0,0,0,v
2026-03-15 06:12,1.154,0.011,0,0,0,0,v
2026-03-15 06:18,1.152,0.011,0,0,0,0,v
2026-03-15 06:24,1.145,0.011,0,0,0,0,v
2026-03-15 06:30,1.133,0.011,0,0,0,0,v
2026-03-15 06:36,1.113,0.011,0,0,0,0,v
2026-03-15 06:42,1.095,0.011,0,0,0,0,v
2026-03-15 06:48,1.079,0.011,0,0,0,0,v
2026-03-15 06:54,1.059,0.011,0,0,0,0,v
2026-03-15 07:00,1.035,0.011,0,0,0,0,v
2026-03-15 07:06,1.007,0.011,0,0,0,0,v
2026-03-15 07:12,0.985,0.011,0,0,0,0,v
2026-03-15 07:18,0.968,0.011,0,0,0,0,v
2026-03-15 07:24,0.954,0.011,0,0,0,0,v
2026-03-15 07:30,0.939,0.011,0,0,0,0,v
2026-03-15 07:36,0.928,0.011,0,0,0,0,v
2026-03-15 07:42,0.92,0.011,0,0,0,0,v
2026-03-15 07:48,0.909,0.011,0,0,0,0,v
2026-03-15 07:54,0.888,0.011,0,0,0,0,v
2026-03-15 08:00,0.869,0.011,0,0,0,0,v
2026-03-15 08:06,0.857,0.011,0,0,0,0,v
2026-03-15 08:12,0.846,0.011,0,0,0,0,v
2026-03-15 08:18,0.83,0.011,0,0,0,0,v
2026-03-15 08:24,0.81,0.011,0,0,0,0,v
2026-03-15 08:30,0.79,0.011,0,0,0,0,v
2026-03-15 08:36,0.772,0.011,0,0,0,0,v
2026-03-15 08:42,0.75,0.011,0,0,0,0,v
2026-03-15 08:48,0.732,0.011,0,0,0,0,v
2026-03-15 08:54,0.714,0.011,0,0,0,0,v
2026-03-15 09:00,0.696,0.011,0,0,0,0,v
2026-03-15 09:06,0.672,0.011,0,0,0,0,v
2026-03-15 09:12,0.641,0.011,0,0,0,0,v
2026-03-15 09:18,0.605,0.011,0,0,0,0,v
2026-03-15 09:24,0.566,0.011,0,0,0,0,v
2026-03-15 09:30,0.527,0.011,0,0,0,0,v
2026-03-15 09:36,0.488,0.011,0,0,0,0,v
2026-03-15 09:42,0.448,0.011,0,0,0,0,v
2026-03-15 09:48,0.406,0.011,0,0,0,0,v
2026-03-15 09:54,0.369,0.011,0,0,0,0,v
2026-03-15 10:00,0.336,0.011,0,0,0,0,v
2026-03-15 10:06,0.31,0.011,0,0,0,0,v
2026-03-15 10:12,0.29,0.011,0,0,0,0,v
2026-03-15 10:18,0.275,0.011,0,0,0,0,v
2026-03-15 10:24,0.263,0.011,0,0,0,0,v
2026-03-15 10:30,0.251,0.011,0,0,0,0,v
2026-03-15 10:36,0.237,0.011,0,0,0,0,v
2026-03-15 10:42,0.223,0.011,0,0,0,0,v
2026-03-15 10:48,0.214,0.011,0,0,0,0,v
2026-03-15 10:54,0.213,0.011,0,0,0,0,v
2026-03-15 11:00,0.22,0.011,0,0,0,0,v
2026-03-15 11:06,0.226,0.011,0,0,0,0,v
2026-03-15 11:12,0.227,0.011,0,0,0,0,v
2026-03-15 11:18,0.226,0.011,0,0,0,0,v
2026-03-15 11:24,0.223,0.011,0,0,0,0,v
2026-03-15 11:30,0.218,0.011,0,0,0,0,v
2026-03-15 11:36,0.21,0.011,0,0,0,0,v
2026-03-15 11:42,0.205,0.011,0,0,0,0,v
2026-03-15 11:48,0.204,0.011,0,0,0,0,v
2026-03-15 11:54,0.208,0.011,0,0,0,0,v
2026-03-15 12:00,0.21,0.011,0,0,0,0,v
2026-03-15 12:06,0.208,0.011,0,0,0,0,v
2026-03-15 12:12,0.205,0.011,0,0,0,0,v
2026-03-15 12:18,0.201,0.011,0,0,0,0,v
2026-03-15 12:24,0.2,0.011,0,0,0,0,v
2026-03-15 12:30,0.203,0.011,0,0,0,0,v
2026-03-15 12:36,0.205,0.011,0,0,0,0,v
2026-03-15 12:42,0.214,0.011,0,0,0,0,v
2026-03-15 12:48,0.226,0.011,0,0,0,0,v
2026-03-15 12:54,0.244,0.011,0,0,0,0,v
2026-03-15 13:00,0.253,0.011,0,0,0,0,v
2026-03-15 13:06,0.252,0.011,0,0,0,0,v
2026-03-15 13:12,0.253,0.011,0,0,0,0,v
2026-03-15 13:18,0.256,0.011,0,0,0,0,v
2026-03-15 13:24,0.253,0.011,0,0,0,0,v
2026-03-15 13:30,0.252,0.011,0,0,0,0,v
2026-03-15 13:36,0.25,0.011,0,0,0,0,v
2026-03-15 13:42,0.268,0.011,0,0,0,0,v
2026-03-15 13:48,0.303,0.011,0,0,0,0,v
2026-03-15 13:54,0.333,0.011,0,0,0,0,v
2026-03-15 14:00,0.357,0.011,0,0,0,0,v
2026-03-15 14:06,0.383,0.011,0,0,0,0,v
2026-03-15 14:12,0.413,0.011,0,0,0,0,v
2026-03-15 14:18,0.45,0.011,0,0,0,0,v
2026-03-15 14:24,0.478,0.011,0,0,0,0,v
2026-03-15 14:30,0.507,0.011,0,0,0,0,v
2026-03-15 14:36,0.541,0.011,0,0,0,0,v
2026-03-15 14:42,0.575,0.011,0,0,0,0,v
2026-03-15 14:48,0.606,0.011,0,0,0,0,v
2026-03-15 14:54,0.628,0.011,0,0,0,0,v
2026-03-15 15:00,0.645,0.011,0,0,0,0,v
2026-03-15 15:06,0.662,0.011,0,0,0,0,v
2026-03-15 15:12,0.676,0.011,0,0,0,0,v
2026-03-15 15:18,0.687,0.011,0,0,0,0,v
2026-03-15 15:24,0.696,0.011,0,0,0,0,v
2026-03-15 15:30,0.707,0.011,0,0,0,0,v
2026-03-15 15:36,0.725,0.011,0,0,0,0,v
2026-03-15 15:42,0.734,0.011,0,0,0,0,v
2026-03-15 15:48,0.749,0.011,0,0,0,0,v
2026-03-15 15:54,0.758,0.011,0,0,0,0,v
2026-03-15 16:00,0.773,0.011,0,0,0,0,v
2026-03-15 16:06,0.788,0.011,0,0,0,0,v
2026-03-15 16:12,0.801,0.011,0,0,0,0,v
2026-03-15 16:18,0.813,0.011,0,0,0,0,v
2026-03-15 16:24,0.833,0.011,0,0,0,0,v
2026-03-15 16:30,0.863,0.011,0,0,0,0,v
2026-03-15 16:36,0.892,0.011,0,0,0,0,v
2026-03-15 16:42,0.927,0.011,0,0,0,0,v
2026-03-15 16:48,0.955,0.011,0,0,0,0,v
2026-03-15 16:54,0.975,0.011,0,0,0,0,v
2026-03-15 17:00,0.997,0.011,0,0,0,0,v
2026-03-15 17:06,1.025,0.011,0,0,0,0,v
2026-03-15 17:12,1.054,0.011,0,0,0,0,v
2026-03-15 17:18,1.086,0.011,0,0,0,0,v
2026-03-15 17:24,1.124,0.011,0,0,0,0,v
2026-03-15 17:30,1.146,0.011,0,0,0,0,v
2026-03-15 17:36,1.167,0.011,0,0,0,0,v
2026-03-15 17:42,1.172,0.011,0,0,0,0,v
2026-03-15 17:48,1.181,0.011,0,0,0,0,v
2026-03-15 17:54,1.194,0.011,0,0,0,0,v
2026-03-15 18:00,1.208,0.011,0,0,0,0,v
2026-03-15 18:06,1.215,0.011,0,0,0,0,v
2026-03-15 18:12,1.214,0.011,0,0,0,0,v
2026-03-15 18:18,1.205,0.011,0,0,0,0,v
2026-03-15 18:24,1.191,0.011,0,0,0,0,v
2026-03-15 18:30,1.176,0.011,0,0,0,0,v
2026-03-15 18:36,1.169,0.011,0,0,0,0,v
2026-03-15 18:42,1.166,0.011,0,0,0,0,v
2026-03-15 18:48,1.161,0.011,0,0,0,0,v
2026-03-15 18:54,1.159,0.011,0,0,0,0,v
2026-03-15 19:00,1.153,0.011,0,0,0,0,v
2026-03-15 19:06,1.142,0.011,0,0,0,0,v
2026-03-15 19:12,1.131,0.011,0,0,0,0,v
2026-03-15 19:18,1.118,0.011,0,0,0,0,v
2026-03-15 19:24,1.119,0.011,0,0,0,0,v
2026-03-15 19:30,1.115,0.011,0,0,0,0,v
2026-03-15 19:36,1.115,0.011,0,0,0,0,v
2026-03-15 19:42,1.112,0.011,0,0,0,0,v
2026-03-15 19:48,1.101,0.011,0,0,0,0,v
2026-03-15 19:54,1.089,0.011,0,0,0,0,v
2026-03-15 20:00,1.072,0.011,0,0,0,0,v
2026-03-15 20:06,1.05,0.011,0,0,0,0,v
2026-03-15 20:12,1.029,0.011,0,0,0,0,v
2026-03-15 20:18,1.006,0.011,0,0,0,0,v
2026-03-15 20:24,0.972,0.011,0,0,0,0,v
2026-03-15 20:30,0.934,0.011,0,0,0,0,v
2026-03-15 20:36,0.891,0.011,0,0,0,0,v
2026-03-15 20:42,0.844,0.011,0,0,0,0,v
2026-03-15 20:48,0.8,0.011,0,0,0,0,v
2026-03-15 20:54,0.759,0.011,0,0,0,0,v
2026-03-15 21:00,0.725,0.011,0,0,0,0,v
2026-03-15 21:06,0.699,0.011,0,0,0,0,v
2026-03-15 21:12,0.672,0.011,0,0,0,0,v
2026-03-15 21:18,0.642,0.011,0,0,0,0,v
2026-03-15 21:24,0.62,0.011,0,0,0,0,v
2026-03-15 21:30,0.603,0.011,0,0,0,0,v
2026-03-15 21:36,0.583,0.011,0,0,0,0,v
2026-03-15 21:42,0.557,0.011,0,0,0,0,v
2026-03-15 21:48,0.532,0.011,0,0,0,0,v
2026-03-15 21:54,0.51,0.011,0,0,0,0,v
2026-03-15 22:00,0.489,0.011,0,0,0,0,v
2026-03-15 22:06,0.467,0.011,0,0,0,0,v
2026-03-15 22:12,0.442,0.011,0,0,0,0,v
2026-03-15 22:18,0.411,0.011,0,0,0,0,v
2026-03-15 22:24,0.379,0.011,0,0,0,0,v
2026-03-15 22:30,0.35,0.011,0,0,0,0,v
2026-03-15 22:36,0.325,0.011,0,0,0,0,v
2026-03-15 22:42,0.307,0.011,0,0,0,0,v
2026-03-15 22:48,0.294,0.011,0,0,0,0,v
2026-03-15 22:54,0.286,0.011,0,0,0,0,v
2026-03-15 23:00,0.275,0.011,0,0,0,0,v
2026-03-15 23:06,0.26,0.011,0,0,0,0,v
2026-03-15 23:12,0.235,0.011,0,0,0,0,v
2026-03-15 23:18,0.214,0.011,0,0,0,0,v
2026-03-15 23:24,0.205,0.011,0,0,0,0,v
2026-03-15 23:30,0.204,0.011,0,0,0,0,v
2026-03-15 23:36,0.2,0.011,0,0,0,0,v
2026-03-15 23:42,0.193,0.011,0,0,0,0,v
2026-03-15 23:48,0.186,0.011,0,0,0,0,v
2026-03-15 23:54,0.182,0.011,0,0,0,0,v
2026-03-16 00:00,0.183,0.011,0,0,0,0,v
2026-03-16 00:06,0.188,0.011,0,0,0,0,v
2026-03-16 00:12,0.194,0.011,0,0,0,0,v
2026-03-16 00:18,0.213,0.011,0,0,0,0,v
2026-03-16 00:24,0.228,0.011,0,0,0,0,v
2026-03-16 00:30,0.236,0.011,0,0,0,0,v
2026-03-16 00:36,0.247,0.011,0,0,0,0,v
2026-03-16 00:42,0.264,0.011,0,0,0,0,v
2026-03-16 00:48,0.289,0.011,0,0,0,0,v
2026-03-16 00:54,0.309,0.011,0,0,0,0,v
2026-03-16 01:00,0.323,0.011,0,0,0,0,v
2026-03-16 01:06,0.34,0.011,0,0,0,0,v
2026-03-16 01:12,0.359,0.011,0,0,0,0,v
2026-03-16 01:18,0.378,0.011,0,0,0,0,v
2026-03-16 01:24,0.408,0.011,0,0,0,0,v
2026-03-16 01:30,0.444,0.011,0,0,0,0,v
2026-03-16 01:36,0.482,0.011,0,0,0,0,v
2026-03-16 01:42,0.512,0.011,0,0,0,0,v
2026-03-16 01:48,0.535,0.011,0,0,0,0,v
2026-03-16 01:54,0.56,0.011,0,0,0,0,v
2026-03-16 02:00,0.583,0.011,0,0,0,0,v
2026-03-16 02:06,0.6,0.011,0,0,0,0,v
2026-03-16 02:12,0.613,0.011,0,0,0,0,v
2026-03-16 02:18,0.628,0.011,0,0,0,0,v
2026-03-16 02:24,0.65,0.011,0,0,0,0,v
2026-03-16 02:30,0.674,0.011,0,0,0,0,v
2026-03-16 02:36,0.707,0.011,0,0,0,0,v
2026-03-16 02:42,0.727,0.011,0,0,0,0,v
2026-03-16 02:48,0.736,0.011,0,0,0,0,v
2026-03-16 02:54,0.753,0.011,0,0,0,0,v
2026-03-16 03:00,0.775,0.011,0,0,0,0,v
2026-03-16 03:06,0.807,0.011,0,0,0,0,v
2026-03-16 03:12,0.843,0.011,0,0,0,0,v
2026-03-16 03:18,0.873,0.011,0,0,0,0,v
2026-03-16 03:24,0.897,0.011,0,0,0,0,v
2026-03-16 03:30,0.913,0.011,0,0,0,0,v
2026-03-16 03:36,0.924,0.011,0,0,0,0,v
2026-03-16 03:42,0.93,0.011,0,0,0,0,v
2026-03-16 03:48,0.945,0.011,0,0,0,0,v
2026-03-16 03:54,0.965,0.011,0,0,0,0,v
2026-03-16 04:00,0.996,0.011,0,0,0,0,v
2026-03-16 04:06,1.021,0.011,0,0,0,0,v
2026-03-16 04:12,1.04,0.011,0,0,0,0,v
2026-03-16 04:18,1.057,0.011,0,0,0,0,v
2026-03-16 04:24,1.069,0.011,0,0,0,0,v
2026-03-16 04:30,1.08,0.011,0,0,0,0,v
2026-03-16 04:36,1.106,0.011,0,0,0,0,v
2026-03-16 04:42,1.137,0.011,0,0,0,0,v
2026-03-16 04:48,1.167,0.011,0,0,0,0,v
2026-03-16 04:54,1.186,0.011,0,0,0,0,v
2026-03-16 05:00,1.199,0.011,0,0,0,0,v
2026-03-16 05:06,1.219,0.011,0,0,0,0,v
2026-03-16 05:12,1.246,0.011,0,0,0,0,v
2026-03-16 05:18,1.275,0.011,0,0,0,0,v
2026-03-16 05:24,1.316,0.011,0,0,0,0,v
2026-03-16 05:30,1.353,0.011,0,0,0,0,v
2026-03-16 05:36,1.385,0.011,0,0,0,0,v
2026-03-16 05:42,1.406,0.011,0,0,0,0,v
2026-03-16 05:48,1.412,0.011,0,0,0,0,v
2026-03-16 05:54,1.43,0.011,0,0,0,0,v
2026-03-16 06:00,1.46,0.011,0,0,0,0,v
2026-03-16 06:06,1.49,0.011,0,0,0,0,v
2026-03-16 06:12,1.512,0.011,0,0,0,0,v
2026-03-16 06:18,1.536,0.011,0,0,0,0,v
2026-03-16 06:24,1.567,0.011,0,0,0,0,v
2026-03-16 06:30,1.601,0.011,0,0,0,0,v
2026-03-16 06:36,1.624,0.011,0,0,0,0,v
2026-03-16 06:42,1.65,0.011,0,0,0,0,v
2026-03-16 06:48,1.681,0.011,0,0,0,0,v
2026-03-16 06:54,1.715,0.011,0,0,0,0,v
2026-03-16 07:00,1.719,0.011,0,0,0,0,v
2026-03-16 07:06,1.713,0.011,0,0,0,0,v
2026-03-16 07:12,1.715,0.011,0,0,0,0,v
2026-03-16 07:18,1.714,0.011,0,0,0,0,v
2026-03-16 07:24,1.72,0.011,0,0,0,0,v
2026-03-16 07:30,1.738,0.011,0,0,0,0,v
2026-03-16 07:36,1.732,0.011,0,0,0,0,v
2026-03-16 07:42,1.71,0.011,0,0,0,0,v
2026-03-16 07:48,1.679,0.011,0,0,0,0,v
2026-03-16 07:54,1.651,0.011,0,0,0,0,v
2026-03-16 08:00,1.644,0.011,0,0,0,0,v
2026-03-16 08:06,1.654,0.011,0,0,0,0,v
2026-03-16 08:12,1.659,0.011,0,0,0,0,v
2026-03-16 08:18,1.644,0.011,0,0,0,0,v
2026-03-16 08:24,1.628,0.011,0,0,0,0,v
2026-03-16 08:30,1.607,0.011,0,0,0,0,v
2026-03-16 08:36,1.584,0.011,0,0,0,0,v
2026-03-16 08:42,1.564,0.011,0,0,0,0,v
2026-03-16 08:48,1.546,0.011,0,0,0,0,v
2026-03-16 08:54,1.521,0.011,0,0,0,0,v
2026-03-16 09:00,1.484,0.011,0,0,0,0,v
2026-03-16 09:06,1.447,0.011,0,0,0,0,v
2026-03-16 09:12,1.397,0.011,0,0,0,0,v
2026-03-16 09:18,1.354,0.011,0,0,0,0,v
2026-03-16 09:24,1.314,0.011,0,0,0,0,v
2026-03-16 09:30,1.274,0.011,0,0,0,0,v
2026-03-16 09:36,1.233,0.011,0,0,0,0,v
2026-03-16 09:42,1.185,0.011,0,0,0,0,v
2026-03-16 09:48,1.134,0.011,0,0,0,0,v
2026-03-16 09:54,1.08,0.011,0,0,0,0,v
2026-03-16 10:00,1.019,0.011,0,0,0,0,v
2026-03-16 10:06,0.977,0.011,0,0,0,0,v
2026-03-16 10:12,0.941,0.011,0,0,0,0,v
2026-03-16 10:18,0.915,0.011,0,0,0,0,v
2026-03-16 10:24,0.884,0.011,0,0,0,0,v
2026-03-16 10:30,0.847,0.011,0,0,0,0,v
2026-03-16 10:36,0.808,0.011,0,0,0,0,v
2026-03-16 10:42,0.77,0.011,0,0,0,0,v
2026-03-16 10:48,0.73,0.011,0,0,0,0,v
2026-03-16 10:54,0.695,0.011,0,0,0,0,v
2026-03-16 11:00,0.66,0.011,0,0,0,0,v
2026-03-16 11:06,0.617,0.011,0,0,0,0,v
2026-03-16 11:12,0.579,0.011,0,0,0,0,v
2026-03-16 11:18,0.537,0.011,0,0,0,0,v
2026-03-16 11:24,0.504,0.011,0,0,0,0,v
2026-03-16 11:30,0.481,0.011,0,0,0,0,v
2026-03-16 11:36,0.463,0.011,0,0,0,0,v
2026-03-16 11:42,0.443,0.011,0,0,0,0,v
2026-03-16 11:48,0.42,0.011,0,0,0,0,v
2026-03-16 11:54,0.396,0.011,0,0,0,0,v
2026-03-16 12:00,0.38,0.011,0,0,0,0,v
2026-03-16 12:06,0.376,0.011,0,0,0,0,v
2026-03-16 12:12,0.374,0.011,0,0,0,0,v
2026-03-16 12:18,0.37,0.011,0,0,0,0,v
2026-03-16 12:24,0.371,0.011,0,0,0,0,v
2026-03-16 12:30,0.383,0.011,0,0,0,0,v
2026-03-16 12:36,0.394,0.011,0,0,0,0,v
2026-03-16 12:42,0.405,0.011,0,0,0,0,v
2026-03-16 12:48,0.416,0.011,0,0,0,0,v
2026-03-16 12:54,0.425,0.011,0,0,0,0,v
2026-03-16 13:00,0.439,0.011,0,0,0,0,v
2026-03-16 13:06,0.457,0.011,0,0,0,0,v
2026-03-16 13:12,0.478,0.011,0,0,0,0,v
2026-03-16 13:18,0.508,0.011,0,0,0,0,v
2026-03-16 13:24,0.538,0.011,0,0,0,0,v
2026-03-16 13:30,0.558,0.011,0,0,0,0,v
2026-03-16 13:36,0.571,0.011,0,0,0,0,v
2026-03-16 13:42,0.588,0.011,0,0,0,0,v
2026-03-16 13:48,0.609,0.011,0,0,0,0,v
2026-03-16 13:54,0.632,0.011,0,0,0,0,v
2026-03-16 14:00,0.647,0.011,0,0,0,0,v
2026-03-16 14:06,0.666,0.011,0,0,0,0,v
2026-03-16 14:12,0.684,0.011,0,0,0,0,v
2026-03-16 14:18,0.703,0.011,0,0,0,0,v
2026-03-16 14:24,0.715,0.011,0,0,0,0,v
2026-03-16 14:30,0.73,0.011,0,0,0,0,v
2026-03-16 14:36,0.748,0.011,0,0,0,0,v
2026-03-16 14:42,0.771,0.011,0,0,0,0,v
2026-03-16 14:48,0.786,0.011,0,0,0,0,v
2026-03-16 14:54,0.798,0.011,0,0,0,0,v
2026-03-16 15:00,0.809,0.011,0,0,0,0,v
2026-03-16 15:06,0.817,0.011,0,0,0,0,v
2026-03-16 15:12,0.829,0.011,0,0,0,0,v
2026-03-16 15:18,0.848,0.011,0,0,0,0,v
2026-03-16 15:24,0.873,0.011,0,0,0,0,v
2026-03-16 15:30,0.892,0.011,0,0,0,0,v
2026-03-16 15:36,0.911,0.011,0,0,0,0,v
2026-03-16 15:42,0.924,0.011,0,0,0,0,v
2026-03-16 15:48,0.945,0.011,0,0,0,0,v
2026-03-16 15:54,0.965,0.011,0,0,0,0,v
2026-03-16 16:00,0.984,0.011,0,0,0,0,v
2026-03-16 16:06,1.0,0.011,0,0,0,0,v
2026-03-16 16:12,1.01,0.011,0,0,0,0,v
2026-03-16 16:18,1.018,0.011,0,0,0,0,v
2026-03-16 16:24,1.033,0.011,0,0,0,0,v
2026-03-16 16:30,1.064,0.011,0,0,0,0,v
2026-03-16 16:36,1.105,0.011,0,0,0,0,v
2026-03-16 16:42,1.141,0.011,0,0,0,0,v
2026-03-16 16:48,1.174,0.011,0,0,0,0,v
2026-03-16 16:54,1.194,0.011,0,0,0,0,v
2026-03-16 17:00,1.212,0.011,0,0,0,0,v
2026-03-16 17:06,1.208,0.011,0,0,0,0,v
2026-03-16 17:12,1.217,0.011,0,0,0,0,v
2026-03-16 17:18,1.239,0.011,0,0,0,0,v
2026-03-16 17:24,1.263,0.011,0,0,0,0,v
2026-03-16 17:30,1.281,0.011,0,0,0,0,v
2026-03-16 17:36,1.301,0.011,0,0,0,0,v
2026-03-16 17:42,1.317,0.011,0,0,0,0,v
2026-03-16 17:48,1.349,0.011,0,0,0,0,v
2026-03-16 17:54,1.385,0.011,0,0,0,0,v
2026-03-16 18:00,1.423,0.011,0,0,0,0,v
2026-03-16 18:06,1.469,0.011,0,0,0,0,v
2026-03-16 18:12,1.511,0.011,0,0,0,0,v
2026-03-16 18:18,1.549,0.011,0,0,0,0,v
2026-03-16 18:24,1.571,0.011,0,0,0,0,v
2026-03-16 18:30,1.595,0.011,0,0,0,0,v
2026-03-16 18:36,1.619,0.011,0,0,0,0,v
2026-03-16 18:42,1.651,0.011,0,0,0,0,v
2026-03-16 18:48,1.665,0.011,0,0,0,0,v
2026-03-16 18:54,1.677,0.011,0,0,0,0,v
2026-03-16 19:00,1.68,0.011,0,0,0,0,v
2026-03-16 19:06,1.69,0.011,0,0,0,0,v
2026-03-16 19:12,1.697,0.011,0,0,0,0,v
2026-03-16 19:18,1.713,0.011,0,0,0,0,v
2026-03-16 19:24,1.724,0.011,0,0,0,0,v
2026-03-16 19:30,1.732,0.011,0,0,0,0,v
2026-03-16 19:36,1.728,0.011,0,0,0,0,v
2026-03-16 19:42,1.72,0.011,0,0,0,0,v
2026-03-16 19:48,1.695,0.011,0,0,0,0,v
2026-03-16 19:54,1.667,0.011,0,0,0,0,v
2026-03-16 20:00,1.639,0.011,0,0,0,0,v
2026-03-16 20:06,1.624,0.011,0,0,0,0,v
2026-03-16 20:12,1.61,0.011,0,0,0,0,v
2026-03-16 20:18,1.604,0.011,0,0,0,0,v
2026-03-16 20:24,1.598,0.011,0,0,0,0,v
2026-03-16 20:30,1.575,0.011,0,0,0,0,v
2026-03-16 20:36,1.531,0.011,0,0,0,0,v
2026-03-16 20:42,1.488,0.011,0,0,0,0,v
2026-03-16 20:48,1.463,0.011,0,0,0,0,v
2026-03-16 20:54,1.459,0.011,0,0,0,0,v
2026-03-16 21:00,1.465,0.011,0,0,0,0,v
2026-03-16 21:06,1.459,0.011,0,0,0,0,v
2026-03-16 21:12,1.463,0.011,0,0,0,0,v
2026-03-16 21:18,1.439,0.011,0,0,0,0,v
2026-03-16 21:24,1.408,0.011,0,0,0,0,v
2026-03-16 21:30,1.358,0.011,0,0,0,0,v
2026-03-16 21:36,1.315,0.011,0,0,0,0,v
2026-03-16 21:42,1.292,0.011,0,0,0,0,v
2026-03-16 21:48,1.272,0.011,0,0,0,0,v
2026-03-16 21:54,1.243,0.011,0,0,0,0,v
2026-03-16 22:00,1.212,0.011,0,0,0,0,v
2026-03-16 22:06,1.177,0.011,0,0,0,0,v
2026-03-16 22:12,1.146,0.011,0,0,0,0,v
2026-03-16 22:18,1.11,0.011,0,0,0,0,v
2026-03-16 22:24,1.072,0.011,0,0,0,0,v
2026-03-16 22:30,1.024,0.011,0,0,0,0,v
2026-03-16 22:36,0.975,0.011,0,0,0,0,v
2026-03-16 22:42,0.93,0.011,0,0,0,0,v
2026-03-16 22:48,0.881,0.011,0,0,0,0,v
2026-03-16 22:54,0.832,0.011,0,0,0,0,v
2026-03-16 23:00,0.782,0.011,0,0,0,0,v
2026-03-16 23:06,0.745,0.011,0,0,0,0,v
2026-03-16 23:12,0.724,0.011,0,0,0,0,v
2026-03-16 23:18,0.7,0.011,0,0,0,0,v
2026-03-16 23:24,0.671,0.011,0,0,0,0,v
2026-03-16 23:30,0.632,0.011,0,0,0,0,v
2026-03-16 23:36,0.612,0.011,0,0,0,0,v
2026-03-16 23:42,0.617,0.011,0,0,0,0,v
2026-03-16 23:48,0.639,0.011,0,0,0,0,v
2026-03-16 23:54,0.644,0.011,0,0,0,0,v
2026-03-17 00:00,0.634,0.011,0,0,0,0,v
2026-03-17 00:06,0.607,0.011,0,0,0,0,v
2026-03-17 00:12,0.573,0.011,0,0,0,0,v
2026-03-17 00:18,0.538,0.011,0,0,0,0,v
2026-03-17 00:24,0.509,0.011,0,0,0,0,v
2026-03-17 00:30,0.495,0.011,0,0,0,0,v
2026-03-17 00:36,0.482,0.011,0,0,0,0,v
2026-03-17 00:42,0.48,0.011,0,0,0,0,v
2026-03-17 00:48,0.483,0.011,0,0,0,0,v
2026-03-17 00:54,0.489,0.011,0,0,0,0,v
2026-03-17 01:00,0.508,0.011,0,0,0,0,v
2026-03-17 01:06,0.531,0.011,0,0,0,0,v
2026-03-17 01:12,0.57,0.011,0,0,0,0,v
2026-03-17 01:18,0.636,0.011,0,0,0,0,v
2026-03-17 01:24,0.711,0.011,0,0,0,0,v
2026-03-17 01:30,0.782,0.011,0,0,0,0,v
2026-03-17 01:36,0.848,0.011,0,0,0,0,v
2026-03-17 01:42,0.906,0.011,0,0,0,0,v
2026-03-17 01:48,0.947,0.011,0,0,0,0,v
2026-03-17 01:54,0.954,0.011,0,0,0,0,v
2026-03-17 02:00,0.953,0.011,0,0,0,0,v
2026-03-17 02:06,0.983,0.011,0,0,0,0,v
2026-03-17 02:12,1.046,0.011,0,0,0,0,v
2026-03-17 02:18,1.105,0.011,0,0,0,0,v
2026-03-17 02:24,1.151,0.011,0,0,0,0,v
2026-03-17 02:30,1.182,0.011,0,0,0,0,v
2026-03-17 02:36,1.215,0.011,0,0,0,0,v
2026-03-17 02:42,1.23,0.011,0,0,0,0,v
2026-03-17 02:48,1.243,0.011,0,0,0,0,v
2026-03-17 02:54,1.278,0.011,0,0,0,0,v
2026-03-17 03:00,1.324,0.011,0,0,0,0,v
2026-03-17 03:06,1.369,0.011,0,0,0,0,v
2026-03-17 03:12,1.393,0.011,0,0,0,0,v
2026-03-17 03:18,1.385,0.011,0,0,0,0,v
2026-03-17 03:24,1.357,0.011,0,0,0,0,v
2026-03-17 03:30,1.329,0.011,0,0,0,0,v
2026-03-17 03:36,1.307,0.011,0,0,0,0,v
2026-03-17 03:42,1.301,0.011,0,0,0,0,v
2026-03-17 03:48,1.307,0.011,0,0,0,0,v
2026-03-17 03:54,1.306,0.011,0,0,0,0,v
2026-03-17 04:00,1.282,0.011,0,0,0,0,v
2026-03-17 04:06,1.236,0.011,0,0,0,0,v
2026-03-17 04:12,1.193,0.011,0,0,0,0,v
2026-03-17 04:18,1.159,0.011,0,0,0,0,v
2026-03-17 04:24,1.145,0.011,0,0,0,0,v
2026-03-17 04:30,1.143,0.011,0,0,0,0,v
2026-03-17 04:36,1.162,0.011,0,0,0,0,v
2026-03-17 04:42,1.2,0.011,0,0,0,0,v
2026-03-17 04:48,1.241,0.011,0,0,0,0,v
2026-03-17 04:54,1.27,0.011,0,0,0,0,v
2026-03-17 05:00,1.27,0.011,0,0,0,0,v
2026-03-17 05:06,1.259,0.011,0,0,0,0,v
2026-03-17 05:12,1.251,0.011,0,0,0,0,v
2026-03-17 05:18,1.256,0.011,0,0,0,0,v
2026-03-17 05:24,1.266,0.011,0,0,0,0,v
2026-03-17 05:30,1.264,0.011,0,0,0,0,v
2026-03-17 05:36,1.237,0.011,0,0,0,0,v
2026-03-17 05:42,1.175,0.011,0,0,0,0,v
2026-03-17 05:48,1.085,0.011,0,0,0,0,v
2026-03-17 05:54,0.983,0.011,0,0,0,0,v
2026-03-17 06:00,0.892,0.011,0,0,0,0,v
2026-03-17 06:06,0.819,0.011,0,0,0,0,v
2026-03-17 06:12,0.761,0.011,0,0,0,0,v
2026-03-17 06:18,0.72,0.011,0,0,0,0,v
2026-03-17 06:24,0.709,0.011,0,0,0,0,v
2026-03-17 06:30,0.721,0.011,0,0,0,0,v
2026-03-17 06:36,0.746,0.011,0,0,0,0,v
2026-03-17 06:42,0.785,0.011,0,0,0,0,v
2026-03-17 06:48,0.848,0.011,0,0,0,0,v
2026-03-17 06:54,0.935,0.011,0,0,0,0,v
2026-03-17 07:00,1.033,0.011,0,0,0,0,v
2026-03-17 07:06,1.117,0.011,0,0,0,0,v
2026-03-17 07:12,1.177,0.011,0,0,0,0,v
2026-03-17 07:18,1.221,0.011,0,0,0,0,v
2026-03-17 07:24,1.267,0.011,0,0,0,0,v
2026-03-17 07:30,1.321,0.011,0,0,0,0,v
2026-03-17 07:36,1.376,0.011,0,0,0,0,v
2026-03-17 07:42,1.433,0.011,0,0,0,0,v
2026-03-17 07:48,1.487,0.011,0,0,0,0,v
2026-03-17 07:54,1.53,0.011,0,0,0,0,v
2026-03-17 08:00,1.555,0.011,0,0,0,0,v
2026-03-17 08:06,1.57,0.011,0,0,0,0,v
2026-03-17 08:12,1.59,0.011,0,0,0,0,v
2026-03-17 08:18,1.618,0.011,0,0,0,0,v
2026-03-17 08:24,1.646,0.011,0,0,0,0,v
2026-03-17 08:30,1.657,0.011,0,0,0,0,v
2026-03-17 08:36,1.649,0.011,0,0,0,0,v
2026-03-17 08:42,1.628,0.011,0,0,0,0,v
2026-03-17 08:48,1.602,0.011,0,0,0,0,v
2026-03-17 08:54,1.578,0.011,0,0,0,0,v
2026-03-17 09:00,1.553,0.011,0,0,0,0,v
2026-03-17 09:06,1.533,0.011,0,0,0,0,v
2026-03-17 09:12,1.526,0.011,0,0,0,0,v
2026-03-17 09:18,1.526,0.011,0,0,0,0,v
2026-03-17 09:24,1.509,0.011,0,0,0,0,v
2026-03-17 09:30,1.48,0.011,0,0,0,0,v
2026-03-17 09:36,1.456,0.011,0,0,0,0,v
2026-03-17 09:42,1.436,0.011,0,0,0,0,v
2026-03-17 09:48,1.404,0.011,0,0,0,0,v
2026-03-17 09:54,1.352,0.011,0,0,0,0,v
2026-03-17 10:00,1.294,0.011,0,0,0,0,v
2026-03-17 10:06,1.24,0.011,0,0,0,0,v
2026-03-17 10:12,1.175,0.011,0,0,0,0,v
2026-03-17 10:18,1.106,0.011,0,0,0,0,v
2026-03-17 10:24,1.035,0.011,0,0,0,0,v
2026-03-17 10:30,0.97,0.011,0,0,0,0,v
2026-03-17 10:36,0.906,0.011,0,0,0,0,v
2026-03-17 10:42,0.84,0.011,0,0,0,0,v
2026-03-17 10:48,0.767,0.011,0,0,0,0,v
2026-03-17 10:54,0.702,0.011,0,0,0,0,v
2026-03-17 11:00,0.644,0.011,0,0,0,0,v
2026-03-17 11:06,0.586,0.011,0,0,0,0,v
2026-03-17 11:12,0.517,0.011,0,0,0,0,v
2026-03-17 11:18,0.45,0.011,0,0,0,0,v
2026-03-17 11:24,0.388,0.011,0,0,0,0,v
2026-03-17 11:30,0.33,0.011,0,0,0,0,v
2026-03-17 11:36,0.265,0.011,0,0,0,0,v
2026-03-17 11:42,0.205,0.011,0,0,0,0,v
2026-03-17 11:48,0.151,0.011,0,0,0,0,v
2026-03-17 11:54,0.099,0.011,0,0,0,0,v
2026-03-17 12:00,0.05,0.011,0,0,0,0,v
2026-03-17 12:06,-0.001,0.011,0,0,0,0,v
2026-03-17 12:12,-0.047,0.011,0,0,0,0,v
2026-03-17 12:18,-0.079,0.011,0,0,0,0,v
2026-03-17 12:24,-0.105,0.011,0,0,0,0,v
2026-03-17 12:30,-0.133,0.011,0,0,0,0,v
2026-03-17 12:36,-0.155,0.011,0,0,0,0,v
2026-03-17 12:42,-0.168,0.011,0,0,0,0,v
2026-03-17 12:48,-0.179,0.011,0,0,0,0,v
2026-03-17 12:54,-0.199,0.011,0,0,0,0,v
2026-03-17 13:00,-0.227,0.011,0,0,0,0,v
2026-03-17 13:06,-0.264,0.011,0,0,0,0,v
2026-03-17 13:12,-0.29,0.011,0,0,0,0,v
2026-03-17 13:18,-0.303,0.011,0,0,0,0,v
2026-03-17 13:24,-0.302,0.011,0,0,0,0,v
2026-03-17 13:30,-0.301,0.011,0,0,0,0,v
2026-03-17 13:36,-0.304,0.011,0,0,0,0,v
2026-03-17 13:42,-0.301,0.011,0,0,0,0,v
2026-03-17 13:48,-0.283,0.011,0,0,0,0,v
2026-03-17 13:54,-0.246,0.011,0,0,0,0,v
2026-03-17 14:00,-0.191,0.011,0,0,0,0,v
2026-03-17 14:06,-0.124,0.011,0,0,0,0,v
2026-03-17 14:12,-0.048,0.011,0,0,0,0,v
2026-03-17 14:18,0.023,0.011,0,0,0,0,v
2026-03-17 14:24,0.08,0.011,0,0,0,0,v
2026-03-17 14:30,0.115,0.011,0,0,0,0,v
2026-03-17 14:36,0.133,0.011,0,0,0,0,v
2026-03-17 14:42,0.148,0.011,0,0,0,0,v
2026-03-17 14:48,0.17,0.011,0,0,0,0,v
2026-03-17 14:54,0.206,0.011,0,0,0,0,v
2026-03-17 15:00,0.253,0.011,0,0,0,0,v
2026-03-17 15:06,0.301,0.011,0,0,0,0,v
2026-03-17 15:12,0.343,0.011,0,0,0,0,v
2026-03-17 15:18,0.372,0.011,0,0,0,0,v
2026-03-17 15:24,0.394,0.011,0,0,0,0,v
2026-03-17 15:30,0.419,0.011,0,0,0,0,v
2026-03-17 15:36,0.446,0.011,0,0,0,0,v
2026-03-17 15:42,0.486,0.011,0,0,0,0,v
2026-03-17 15:48,0.535,0.011,0,0,0,0,v
2026-03-17 15:54,0.58,0.011,0,0,0,0,v
2026-03-17 16:00,0.608,0.011,0,0,0,0,v
2026-03-17 16:06,0.617,0.011,0,0,0,0,v
2026-03-17 16:12,0.622,0.011,0,0,0,0,v
2026-03-17 16:18,0.63,0.011,0,0,0,0,v
2026-03-17 16:24,0.646,0.011,0,0,0,0,v
2026-03-17 16:30,0.658,0.011,0,0,0,0,v
2026-03-17 16:36,0.664,0.011,0,0,0,0,v
2026-03-17 16:42,0.668,0.011,0,0,0,0,v
2026-03-17 16:48,0.666,0.011,0,0,0,0,v
2026-03-17 16:54,0.666,0.011,0,0,0,0,v
2026-03-17 17:00,0.673,0.011,0,0,0,0,v
2026-03-17 17:06,0.685,0.011,0,0,0,0,v
2026-03-17 17:12,0.705,0.011,0,0,0,0,v
2026-03-17 17:18,0.733,0.011,0,0,0,0,v
2026-03-17 17:24,0.763,0.011,0,0,0,0,v
2026-03-17 17:30,0.792,0.011,0,0,0,0,v
2026-03-17 17:36,0.821,0.011,0,0,0,0,v
2026-03-17 17:42,0.848,0.011,0,0,0,0,v
2026-03-17 17:48,0.876,0.011,0,0,0,0,v
2026-03-17 17:54,0.912,0.011,0,0,0,0,v
2026-03-17 18:00,0.958,0.011,0,0,0,0,v
2026-03-17 18:06,0.993,0.011,0,0,0,0,v
2026-03-17 18:12,1.014,0.011,0,0,0,0,v
2026-03-17 18:18,1.03,0.011,0,0,0,0,v
2026-03-17 18:24,1.044,0.011,0,0,0,0,v
2026-03-17 18:30,1.072,0.011,0,0,0,0,v
2026-03-17 18:36,1.083,0.011,0,0,0,0,v
2026-03-17 18:42,1.086,0.011,0,0,0,0,v
2026-03-17 18:48,1.093,0.011,0,0,0,0,v
2026-03-17 18:54,1.107,0.011,0,0,0,0,v
2026-03-17 19:00,1.12,0.011,0,0,0,0,v
2026-03-17 19:06,1.119,0.011,0,0,0,0,v
2026-03-17 19:12,1.121,0.011,0,0,0,0,v
2026-03-17 19:18,1.133,0.011,0,0,0,0,v
2026-03-17 19:24,1.116,0.011,0,0,0,0,v
2026-03-17 19:30,1.108,0.011,0,0,0,0,v
2026-03-17 19:36,1.119,0.011,0,0,0,0,v
2026-03-17 19:42,1.133,0.011,0,0,0,0,v
2026-03-17 19:48,1.14,0.011,0,0,0,0,v
2026-03-17 19:54,1.143,0.011,0,0,0,0,v
2026-03-17 20:00,1.142,0.011,0,0,0,0,v
2026-03-17 20:06,1.138,0.011,0,0,0,0,v
2026-03-17 20:12,1.143,0.011,0,0,0,0,v
2026-03-17 20:18,1.145,0.011,0,0,0,0,v
2026-03-17 20:24,1.144,0.011,0,0,0,0,v
2026-03-17 20:30,1.137,0.011,0,0,0,0,v
2026-03-17 20:36,1.127,0.011,0,0,0,0,v
2026-03-17 20:42,1.116,0.011,0,0,0,0,v
2026-03-17 20:48,1.102,0.011,0,0,0,0,v
2026-03-17 20:54,1.085,0.011,0,0,0,0,v
2026-03-17 21:00,1.065,0.011,0,0,0,0,v
2026-03-17 21:06,1.044,0.011,0,0,0,0,v
2026-03-17 21:12,1.019,0.011,0,0,0,0,v
2026-03-17 21:18,0.991,0.011,0,0,0,0,v
2026-03-17 21:24,0.962,0.011,0,0,0,0,v
2026-03-17 21:30,0.939,0.011,0,0,0,0,v
2026-03-17 21:36,0.922,0.011,0,0,0,0,v
2026-03-17 21:42,0.9,0.011,0,0,0,0,v
2026-03-17 21:48,0.871,0.011,0,0,0,0,v
2026-03-17 21:54,0.839,0.011,0,0,0,0,v
2026-03-17 22:00,0.808,0.011,0,0,0,0,v
2026-03-17 22:06,0.776,0.011,0,0,0,0,v
2026-03-17 22:12,0.744,0.011,0,0,0,0,v
2026-03-17 22:18,0.71,0.011,0,0,0,0,v
2026-03-17 22:24,0.673,0.011,0,0,0,0,v
2026-03-17 22:30,0.634,0.011,0,0,0,0,v
2026-03-17 22:36,0.588,0.011,0,0,0,0,v
2026-03-17 22:42,0.537,0.011,0,0,0,0,v
2026-03-17 22:48,0.484,0.011,0,0,0,0,v
2026-03-17 22:54,0.438,0.011,0,0,0,0,v
2026-03-17 23:00,0.4,0.011,0,0,0,0,v
2026-03-17 23:06,0.36,0.011,0,0,0,0,v
2026-03-17 23:12,0.321,0.011,0,0,0,0,v
2026-03-17 23:18,0.282,0.011,0,0,0,0,v
2026-03-17 23:24,0.242,0.011,0,0,0,0,v
2026-03-17 23:30,0.201,0.011,0,0,0,0,v
2026-03-17 23:36,0.163,0.011,0,0,0,0,v
2026-03-17 23:42,0.129,0.011,0,0,0,0,v
2026-03-17 23:48,0.097,0.011,0,0,0,0,v
2026-03-17 23:54,0.061,0.011,0,0,0,0,v
2026-03-18 00:00,0.021,0.011,0,0,0,0,v
2026-03-18 00:06,-0.017,0.011,0,0,0,0,v
2026-03-18 00:12,-0.047,0.011,0,0,0,0,v
2026-03-18 00:18,-0.079,0.011,0,0,0,0,v
2026-03-18 00:24,-0.108,0.011,0,0,0,0,v
2026-03-18 00:30,-0.136,0.011,0,0,0,0,v
2026-03-18 00:36,-0.164,0.011,0,0,0,0,v
2026-03-18 00:42,-0.191,0.011,0,0,0,0,v
2026-03-18 00:48,-0.201,0.011,0,0,0,0,v
2026-03-18 00:54,-0.207,0.011,0,0,0,0,v
2026-03-18 01:00,-0.206,0.011,0,0,0,0,v
2026-03-18 01:06,-0.212,0.011,0,0,0,0,v
2026-03-18 01:12,-0.22,0.011,0,0,0,0,v
2026-03-18 01:18,-0.231,0.011,0,0,0,0,v
2026-03-18 01:24,-0.245,0.011,0,0,0,0,v
2026-03-18 01:30,-0.258,0.011,0,0,0,0,v
2026-03-18 01:36,-0.266,0.011,0,0,0,0,v
2026-03-18 01:42,-0.266,0.011,0,0,0,0,v
2026-03-18 01:48,-0.261,0.011,0,0,0,0,v
2026-03-18 01:54,-0.25,0.011,0,0,0,0,v
2026-03-18 02:00,-0.238,0.011,0,0,0,0,v
2026-03-18 02:06,-0.224,0.011,0,0,0,0,v
2026-03-18 02:12,-0.208,0.011,0,0,0,0,v
2026-03-18 02:18,-0.186,0.011,0,0,0,0,v
2026-03-18 02:24,-0.162,0.011,0,0,0,0,v
2026-03-18 02:30,-0.133,0.011,0,0,0,0,v
2026-03-18 02:36,-0.102,0.011,0,0,0,0,v
2026-03-18 02:42,-0.073,0.011,0,0,0,0,v
2026-03-18 02:48,-0.05,0.011,0,0,0,0,v
2026-03-18 02:54,-0.04,0.011,0,0,0,0,v
2026-03-18 03:00,-0.036,0.011,0,0,0,0,v
2026-03-18 03:06,-0.035,0.011,0,0,0,0,v
2026-03-18 03:12,-0.032,0.011,0,0,0,0,v
2026-03-18 03:18,-0.026,0.011,0,0,0,0,v
2026-03-18 03:24,-0.009,0.011,0,0,0,0,v
2026-03-18 03:30,0.008,0.011,0,0,0,0,v
2026-03-18 03:36,0.023,0.011,0,0,0,0,v
2026-03-18 03:42,0.036,0.011,0,0,0,0,v
2026-03-18 03:48,0.054,0.011,0,0,0,0,v
2026-03-18 03:54,0.075,0.011,0,0,0,0,v
2026-03-18 04:00,0.097,0.011,0,0,0,0,v
2026-03-18 04:06,0.119,0.011,0,0,0,0,v
2026-03-18 04:12,0.144,0.011,0,0,0,0,v
2026-03-18 04:18,0.175,0.011,0,0,0,0,v
2026-03-18 04:24,0.21,0.011,0,0,0,0,v
2026-03-18 04:30,0.243,0.011,0,0,0,0,v
2026-03-18 04:36,0.274,0.011,0,0,0,0,v
2026-03-18 04:42,0.306,0.011,0,0,0,0,v
2026-03-18 04:48,0.342,0.011,0,0,0,0,v
2026-03-18 04:54,0.372,0.011,0,0,0,0,v
2026-03-18 05:00,0.398,0.011,0,0,0,0,v
2026-03-18 05:06,0.428,0.011,0,0,0,0,v
2026-03-18 05:12,0.463,0.011,0,0,0,0,v
2026-03-18 05:18,0.504,0.011,0,0,0,0,v
2026-03-18 05:24,0.554,0.011,0,0,0,0,v
2026-03-18 05:30,0.608,0.011,0,0,0,0,v
2026-03-18 05:36,0.655,0.011,0,0,0,0,v
2026-03-18 05:42,0.702,0.011,0,0,0,0,v
2026-03-18 05:48,0.752,0.011,0,0,0,0,v
2026-03-18 05:54,0.799,0.011,0,0,0,0,v
2026-03-18 06:00,0.843,0.011,0,0,0,0,v
2026-03-18 06:06,0.888,0.011,0,0,0,0,v
2026-03-18 06:12,0.933,0.011,0,0,0,0,v
2026-03-18 06:18,0.973,0.011,0,0,0,0,v
2026-03-18 06:24,1.009,0.011,0,0,0,0,v
2026-03-18 06:30,1.042,0.011,0,0,0,0,v
2026-03-18 06:36,1.081,0.011,0,0,0,0,v
2026-03-18 06:42,1.123,0.011,0,0,0,0,v
2026-03-18 06:48,1.162,0.011,0,0,0,0,v
2026-03-18 06:54,1.189,0.011,0,0,0,0,v
2026-03-18 07:00,1.214,0.011,0,0,0,0,v
2026-03-18 07:06,1.244,0.011,0,0,0,0,v
2026-03-18 07:12,1.274,0.011,0,0,0,0,v
2026-03-18 07:18,1.298,0.011,0,0,0,0,v
2026-03-18 07:24,1.321,0.011,0,0,0,0,v
2026-03-18 07:30,1.341,0.011,0,0,0,0,v
2026-03-18 07:36,1.354,0.011,0,0,0,0,v
2026-03-18 07:42,1.361,0.011,0,0,0,0,v
2026-03-18 07:48,1.368,0.011,0,0,0,0,v
2026-03-18 07:54,1.372,0.011,0,0,0,0,v
2026-03-18 08:00,1.367,0.011,0,0,0,0,v
2026-03-18 08:06,1.357,0.011,0,0,0,0,v
2026-03-18 08:12,1.344,0.011,0,0,0,0,v
2026-03-18 08:18,1.331,0.011,0,0,0,0,v
2026-03-18 08:24,1.317,0.011,0,0,0,0,v
2026-03-18 08:30,1.3,0.011,0,0,0,0,v
2026-03-18 08:36,1.29,0.011,0,0,0,0,v
2026-03-18 08:42,1.279,0.011,0,0,0,0,v
2026-03-18 08:48,1.262,0.011,0,0,0,0,v
2026-03-18 08:54,1.242,0.011,0,0,0,0,v
2026-03-18 09:00,1.224,0.011,0,0,0,0,v
2026-03-18 09:06,1.204,0.011,0,0,0,0,v
2026-03-18 09:12,1.18,0.011,0,0,0,0,v
2026-03-18 09:18,1.157,0.011,0,0,0,0,v
2026-03-18 09:24,1.137,0.011,0,0,0,0,v
2026-03-18 09:30,1.114,0.011,0,0,0,0,v
2026-03-18 09:36,1.085,0.011,0,0,0,0,v
2026-03-18 09:42,1.062,0.011,0,0,0,0,v
2026-03-18 09:48,1.037,0.011,0,0,0,0,v
2026-03-18 09:54,1.017,0.011,0,0,0,0,v
2026-03-18 10:00,0.993,0.011,0,0,0,0,v
2026-03-18 10:06,0.96,0.011,0,0,0,0,v
2026-03-18 10:12,0.921,0.011,0,0,0,0,v
2026-03-18 10:18,0.88,0.011,0,0,0,0,v
2026-03-18 10:24,0.831,0.011,0,0,0,0,v
2026-03-18 10:30,0.783,0.011,0,0,0,0,v
2026-03-18 10:36,0.736,0.011,0,0,0,0,v
2026-03-18 10:42,0.694,0.011,0,0,0,0,v
2026-03-18 10:48,0.65,0.011,0,0,0,0,v
2026-03-18 10:54,0.605,0.011,0,0,0,0,v
2026-03-18 11:00,0.556,0.011,0,0,0,0,v
2026-03-18 11:06,0.504,0.011,0,0,0,0,v
2026-03-18 11:12,0.457,0.011,0,0,0,0,v
2026-03-18 11:18,0.42,0.011,0,0,0,0,v
2026-03-18 11:24,0.391,0.011,0,0,0,0,v
2026-03-18 11:30,0.366,0.011,0,0,0,0,v
2026-03-18 11:36,0.344,0.011,0,0,0,0,v
2026-03-18 11:42,0.323,0.011,0,0,0,0,v
2026-03-18 11:48,0.3,0.011,0,0,0,0,v
2026-03-18 11:54,0.267,0.011,0,0,0,0,v
2026-03-18 12:00,0.228,0.011,0,0,0,0,v
2026-03-18 12:06,0.187,0.011,0,0,0,0,v
2026-03-18 12:12,0.143,0.011,0,0,0,0,v
2026-03-18 12:18,0.108,0.011,0,0,0,0,v
2026-03-18 12:24,0.078,0.011,0,0,0,0,v
2026-03-18 12:30,0.054,0.011,0,0,0,0,v
2026-03-18 12:36,0.023,0.011,0,0,0,0,v
2026-03-18 12:42,-0.004,0.011,0,0,0,0,v
2026-03-18 12:48,-0.04,0.011,0,0,0,0,v
2026-03-18 12:54,-0.076,0.011,0,0,0,0,v
2026-03-18 13:00,-0.105,0.011,0,0,0,0,v
2026-03-18 13:06,-0.118,0.011,0,0,0,0,v
2026-03-18 13:12,-0.113,0.011,0,0,0,0,v
2026-03-18 13:18,-0.107,0.011,0,0,0,0,v
2026-03-18 13:24,-0.105,0.011,0,0,0,0,v
2026-03-18 13:30,-0.108,0.011,0,0,0,0,v
2026-03-18 13:36,-0.109,0.011,0,0,0,0,v
2026-03-18 13:42,-0.101,0.011,0,0,0,0,v
2026-03-18 13:48,-0.096,0.011,0,0,0,0,v
2026-03-18 13:54,-0.077,0.011,0,0,0,0,v
2026-03-18 14:00,-0.044,0.011,0,0,0,0,v
2026-03-18 14:06,0.003,0.011,0,0,0,0,v
2026-03-18 14:12,0.031,0.011,0,0,0,0,v
2026-03-18 14:18,0.038,0.011,0,0,0,0,v
2026-03-18 14:24,0.04,0.011,0,0,0,0,v
2026-03-18 14:30,0.049,0.011,0,0,0,0,v
2026-03-18 14:36,0.062,0.011,0,0,0,0,v
2026-03-18 14:42,0.08,0.011,0,0,0,0,v
2026-03-18 14:48,0.105,0.011,0,0,0,0,v
2026-03-18 14:54,0.139,0.011,0,0,0,0,v
2026-03-18 15:00,0.178,0.011,0,0,0,0,v
2026-03-18 15:06,0.21,0.011,0,0,0,0,v
2026-03-18 15:12,0.227,0.011,0,0,0,0,v
2026-03-18 15:18,0.236,0.011,0,0,0,0,v
2026-03-18 15:24,0.254,0.011,0,0,0,0,v
2026-03-18 15:30,0.272,0.011,0,0,0,0,v
2026-03-18 15:36,0.281,0.011,0,0,0,0,v
2026-03-18 15:42,0.286,0.011,0,0,0,0,v
2026-03-18 15:48,0.295,0.011,0,0,0,0,v
2026-03-18 15:54,0.304,0.011,0,0,0,0,v
2026-03-18 16:00,0.309,0.011,0,0,0,0,v
2026-03-18 16:06,0.314,0.011,0,0,0,0,v
2026-03-18 16:12,0.318,0.011,0,0,0,0,v
2026-03-18 16:18,0.325,0.011,0,0,0,0,v
2026-03-18 16:24,0.333,0.011,0,0,0,0,v
2026-03-18 16:30,0.347,0.011,0,0,0,0,v
2026-03-18 16:36,0.355,0.011,0,0,0,0,v
2026-03-18 16:42,0.373,0.011,0,0,0,0,v
2026-03-18 16:48,0.412,0.011,0,0,0,0,v
2026-03-18 16:54,0.459,0.011,0,0,0,0,v
2026-03-18 17:00,0.5,0.011,0,0,0,0,v
2026-03-18 17:06,0.524,0.011,0,0,0,0,v
2026-03-18 17:12,0.534,0.011,0,0,0,0,v
2026-03-18 17:18,0.555,0.011,0,0,0,0,v
2026-03-18 17:24,0.589,0.011,0,0,0,0,v
2026-03-18 17:30,0.614,0.011,0,0,0,0,v
2026-03-18 17:36,0.648,0.011,0,0,0,0,v
2026-03-18 17:42,0.682,0.011,0,0,0,0,v
2026-03-18 17:48,0.716,0.011,0,0,0,0,v
2026-03-18 17:54,0.738,0.011,0,0,0,0,v
2026-03-18 18:00,0.765,0.011,0,0,0,0,v
2026-03-18 18:06,0.781,0.011,0,0,0,0,v
2026-03-18 18:12,0.823,0.011,0,0,0,0,v
2026-03-18 18:18,0.866,0.011,0,0,0,0,v
2026-03-18 18:24,0.915,0.011,0,0,0,0,v
2026-03-18 18:30,0.958,0.011,0,0,0,0,v
2026-03-18 18:36,1.013,0.011,0,0,0,0,v
2026-03-18 18:42,1.064,0.011,0,0,0,0,v
2026-03-18 18:48,1.111,0.011,0,0,0,0,v
2026-03-18 18:54,1.146,0.011,0,0,0,0,v
2026-03-18 19:00,1.174,0.011,0,0,0,0,v
2026-03-18 19:06,1.217,0.011,0,0,0,0,v
2026-03-18 19:12,1.265,0.011,0,0,0,0,v
2026-03-18 19:18,1.305,0.011,0,0,0,0,v
2026-03-18 19:24,1.339,0.011,0,0,0,0,v
2026-03-18 19:30,1.378,0.011,0,0,0,0,v
2026-03-18 19:36,1.411,0.011,0,0,0,0,v
2026-03-18 19:42,1.445,0.011,0,0,0,0,v
2026-03-18 19:48,1.481,0.011,0,0,0,0,v
2026-03-18 19:54,1.519,0.011,0,0,0,0,v
2026-03-18 20:00,1.558,0.011,0,0,0,0,v
2026-03-18 20:06,1.59,0.011,0,0,0,0,v
2026-03-18 20:12,1.606,0.011,0,0,0,0,v
2026-03-18 20:18,1.615,0.011,0,0,0,0,v
2026-03-18 20:24,1.628,0.011,0,0,0,0,v
2026-03-18 20:30,1.628,0.011,0,0,0,0,v
2026-03-18 20:36,1.627,0.011,0,0,0,0,v
2026-03-18 20:42,1.625,0.011,0,0,0,0,v
2026-03-18 20:48,1.622,0.011,0,0,0,0,v
2026-03-18 20:54,1.611,0.011,0,0,0,0,v
2026-03-18 21:00,1.595,0.011,0,0,0,0,v
2026-03-18 21:06,1.575,0.011,0,0,0,0,v
2026-03-18 21:12,1.558,0.011,0,0,0,0,v
2026-03-18 21:18,1.543,0.011,0,0,0,0,v
2026-03-18 21:24,1.526,0.011,0,0,0,0,v
2026-03-18 21:30,1.504,0.011,0,0,0,0,v
2026-03-18 21:36,1.478,0.011,0,0,0,0,v
2026-03-18 21:42,1.446,0.011,0,0,0,0,v
2026-03-18 21:48,1.413,0.011,0,0,0,0,v
2026-03-18 21:54,1.378,0.011,0,0,0,0,v
2026-03-18 22:00,1.344,0.011,0,0,0,0,v
2026-03-18 22:06,1.31,0.011,0,0,0,0,v
2026-03-18 22:12,1.275,0.011,0,0,0,0,v
2026-03-18 22:18,1.234,0.011,0,0,0,0,v
2026-03-18 22:24,1.187,0.011,0,0,0,0,v
2026-03-18 22:30,1.134,0.011,0,0,0,0,v
2026-03-18 22:36,1.078,0.011,0,0,0,0,v
2026-03-18 22:42,1.026,0.011,0,0,0,0,v
2026-03-18 22:48,0.981,0.011,0,0,0,0,v
2026-03-18 22:54,0.936,0.011,0,0,0,0,v
2026-03-18 23:00,0.89,0.011,0,0,0,0,v
2026-03-18 23:06,0.842,0.011,0,0,0,0,v
2026-03-18 23:12,0.785,0.011,0,0,0,0,v
2026-03-18 23:18,0.725,0.011,0,0,0,0,v
2026-03-18 23:24,0.665,0.011,0,0,0,0,v
2026-03-18 23:30,0.612,0.011,0,0,0,0,v
2026-03-18 23:36,0.563,0.011,0,0,0,0,v
2026-03-18 23:42,0.518,0.011,0,0,0,0,v
2026-03-18 23:48,0.472,0.011,0,0,0,0,v
2026-03-18 23:54,0.426,0.011,0,0,0,0,v
2026-03-19 00:00,0.377,0.011,0,0,0,0,v
2026-03-19 00:06,0.33,0.011,0,0,0,0,v
2026-03-19 00:12,0.282,0.011,0,0,0,0,v
2026-03-19 00:18,0.239,0.011,0,0,0,0,v
2026-03-19 00:24,0.201,0.011,0,0,0,0,v
2026-03-19 00:30,0.169,0.011,0,0,0,0,v
2026-03-19 00:36,0.141,0.011,0,0,0,0,v
2026-03-19 00:42,0.115,0.011,0,0,0,0,v
2026-03-19 00:48,0.089,0.011,0,0,0,0,v
2026-03-19 00:54,0.065,0.011,0,0,0,0,v
2026-03-19 01:00,0.042,0.011,0,0,0,0,v
2026-03-19 01:06,0.022,0.011,0,0,0,0,v
2026-03-19 01:12,0.001,0.011,0,0,0,0,v
2026-03-19 01:18,-0.016,0.011,0,0,0,0,v
2026-03-19 01:24,-0.028,0.011,0,0,0,0,v
2026-03-19 01:30,-0.038,0.011,0,0,0,0,v
2026-03-19 01:36,-0.048,0.011,0,0,0,0,v
2026-03-19 01:42,-0.057,0.011,0,0,0,0,v
2026-03-19 01:48,-0.064,0.011,0,0,0,0,v
2026-03-19 01:54,-0.067,0.011,0,0,0,0,v
2026-03-19 02:00,-0.068,0.011,0,0,0,0,v
2026-03-19 02:06,-0.07,0.011,0,0,0,0,v
2026-03-19 02:12,-0.073,0.011,0,0,0,0,v
2026-03-19 02:18,-0.068,0.011,0,0,0,0,v
2026-03-19 02:24,-0.059,0.011,0,0,0,0,v
2026-03-19 02:30,-0.047,0.011,0,0,0,0,v
2026-03-19 02:36,-0.036,0.011,0,0,0,0,v
2026-03-19 02:42,-0.02,0.011,0,0,0,0,v
2026-03-19 02:48,0.004,0.011,0,0,0,0,v
2026-03-19 02:54,0.035,0.011,0,0,0,0,v
2026-03-19 03:00,0.066,0.011,0,0,0,0,v
2026-03-19 03:06,0.091,0.011,0,0,0,0,v
2026-03-19 03:12,0.117,0.011,0,0,0,0,v
2026-03-19 03:18,0.141,0.011,0,0,0,0,v
2026-03-19 03:24,0.159,0.011,0,0,0,0,v
2026-03-19 03:30,0.171,0.011,0,0,0,0,v
2026-03-19 03:36,0.183,0.011,0,0,0,0,v
2026-03-19 03:42,0.197,0.011,0,0,0,0,v
2026-03-19 03:48,0.212,0.011,0,0,0,0,v
2026-03-19 03:54,0.221,0.011,0,0,0,0,v
2026-03-19 04:00,0.227,0.011,0,0,0,0,v
2026-03-19 04:06,0.234,0.011,0,0,0,0,v
2026-03-19 04:12,0.243,0.011,0,0,0,0,v
2026-03-19 04:18,0.253,0.011,0,0,0,0,v
2026-03-19 04:24,0.268,0.011,0,0,0,0,v
2026-03-19 04:30,0.288,0.011,0,0,0,0,v
2026-03-19 04:36,0.315,0.011,0,0,0,0,v
2026-03-19 04:42,0.346,0.011,0,0,0,0,v
2026-03-19 04:48,0.373,0.011,0,0,0,0,v
2026-03-19 04:54,0.401,0.011,0,0,0,0,v
2026-03-19 05:00,0.429,0.011,0,0,0,0,v
2026-03-19 05:06,0.455,0.011,0,0,0,0,v
2026-03-19 05:12,0.48,0.011,0,0,0,0,v
2026-03-19 05:18,0.51,0.011,0,0,0,0,v
2026-03-19 05:24,0.54,0.011,0,0,0,0,v
2026-03-19 05:30,0.567,0.011,0,0,0,0,v
2026-03-19 05:36,0.594,0.011,0,0,0,0,v
2026-03-19 05:42,0.62,0.011,0,0,0,0,v
2026-03-19 05:48,0.644,0.011,0,0,0,0,v
2026-03-19 05:54,0.678,0.011,0,0,0,0,v
2026-03-19 06:00,0.709,0.011,0,0,0,0,v
2026-03-19 06:06,0.738,0.011,0,0,0,0,v
2026-03-19 06:12,0.769,0.011,0,0,0,0,v
2026-03-19 06:18,0.803,0.011,0,0,0,0,v
2026-03-19 06:24,0.835,0.011,0,0,0,0,v
2026-03-19 06:30,0.868,0.011,0,0,0,0,v
2026-03-19 06:36,0.905,0.011,0,0,0,0,v
2026-03-19 06:42,0.946,0.011,0,0,0,0,v
2026-03-19 06:48,0.98,0.011,0,0,0,0,v
2026-03-19 06:54,1.002,0.011,0,0,0,0,v
2026-03-19 07:00,1.023,0.011,0,0,0,0,v
2026-03-19 07:06,1.051,0.011,0,0,0,0,v
2026-03-19 07:12,1.088,0.011,0,0,0,0,v
2026-03-19 07:18,1.13,0.011,0,0,0,0,v
2026-03-19 07:24,1.166,0.011,0,0,0,0,v
2026-03-19 07:30,1.203,0.011,0,0,0,0,v
2026-03-19 07:36,1.237,0.011,0,0,0,0,v
2026-03-19 07:42,1.265,0.011,0,0,0,0,v
2026-03-19 07:48,1.288,0.011,0,0,0,0,v
2026-03-19 07:54,1.316,0.011,0,0,0,0,v
2026-03-19 08:00,1.351,0.011,0,0,0,0,v
2026-03-19 08:06,1.379,0.011,0,0,0,0,v
2026-03-19 08:12,1.394,0.011,0,0,0,0,v
2026-03-19 08:18,1.407,0.011,0,0,0,0,v
2026-03-19 08:24,1.426,0.011,0,0,0,0,v
2026-03-19 08:30,1.448,0.011,0,0,0,0,v
2026-03-19 08:36,1.467,0.011,0,0,0,0,v
2026-03-19 08:42,1.488,0.011,0,0,0,0,v
2026-03-19 08:48,1.506,0.011,0,0,0,0,v
2026-03-19 08:54,1.528,0.011,0,0,0,0,v
2026-03-19 09:00,1.537,0.011,0,0,0,0,v
2026-03-19 09:06,1.539,0.011,0,0,0,0,v
2026-03-19 09:12,1.54,0.011,0,0,0,0,v
2026-03-19 09:18,1.533,0.011,0,0,0,0,v
2026-03-19 09:24,1.522,0.011,0,0,0,0,v
2026-03-19 09:30,1.516,0.011,0,0,0,0,v
2026-03-19 09:36,1.512,0.011,0,0,0,0,v
2026-03-19 09:42,1.501,0.011,0,0,0,0,v
2026-03-19 09:48,1.476,0.011,0,0,0,0,v
2026-03-19 09:54,1.444,0.011,0,0,0,0,v
2026-03-19 10:00,1.411,0.011,0,0,0,0,v
2026-03-19 10:06,1.384,0.011,0,0,0,0,v
2026-03-19 10:12,1.36,0.011,0,0,0,0,v
2026-03-19 10:18,1.337,0.011,0,0,0,0,v
2026-03-19 10:24,1.325,0.011,0,0,0,0,v
2026-03-19 10:30,1.319,0.011,0,0,0,0,v
2026-03-19 10:36,1.304,0.011,0,0,0,0,v
2026-03-19 10:42,1.274,0.011,0,0,0,0,v
2026-03-19 10:48,1.239,0.011,0,0,0,0,v
2026-03-19 10:54,1.203,0.011,0,0,0,0,v
2026-03-19 11:00,1.168,0.011,0,0,0,0,v
2026-03-19 11:06,1.128,0.011,0,0,0,0,v
2026-03-19 11:12,1.083,0.011,0,0,0,0,v
2026-03-19 11:18,1.037,0.011,0,0,0,0,v
2026-03-19 11:24,0.993,0.011,0,0,0,0,v
2026-03-19 11:30,0.943,0.011,0,0,0,0,v
2026-03-19 11:36,0.881,0.011,0,0,0,0,v
2026-03-19 11:42,0.818,0.011,0,0,0,0,v
2026-03-19 11:48,0.758,0.011,0,0,0,0,v
2026-03-19 11:54,0.71,0.011,0,0,0,0,v
2026-03-19 12:00,0.66,0.011,0,0,0,0,v
2026-03-19 12:06,0.614,0.011,0,0,0,0,v
2026-03-19 12:12,0.56,0.011,0,0,0,0,v
2026-03-19 12:18,0.509,0.011,0,0,0,0,v
2026-03-19 12:24,0.461,0.011,0,0,0,0,v
2026-03-19 12:30,0.411,0.011,0,0,0,0,v
2026-03-19 12:36,0.356,0.011,0,0,0,0,v
2026-03-19 12:42,0.305,0.011,0,0,0,0,v
2026-03-19 12:48,0.253,0.011,0,0,0,0,v
2026-03-19 12:54,0.203,0.011,0,0,0,0,v
2026-03-19 13:00,0.154,0.011,0,0,0,0,v
2026-03-19 13:06,0.105,0.011,0,0,0,0,v
2026-03-19 13:12,0.061,0.011,0,0,0,0,v
2026-03-19 13:18,0.023,0.011,0,0,0,0,v
2026-03-19 13:24,-0.006,0.011,0,0,0,0,v
2026-03-19 13:30,-0.036,0.011,0,0,0,0,v
2026-03-19 13:36,-0.06,0.011,0,0,0,0,v
2026-03-19 13:42,-0.078,0.011,0,0,0,0,v
2026-03-19 13:48,-0.089,0.011,0,0,0,0,v
2026-03-19 13:54,-0.097,0.011,0,0,0,0,v
2026-03-19 14:00,-0.103,0.011,0,0,0,0,v
2026-03-19 14:06,-0.109,0.011,0,0,0,0,v
2026-03-19 14:12,-0.116,0.011,0,0,0,0,v
2026-03-19 14:18,-0.118,0.011,0,0,0,0,v
2026-03-19 14:24,-0.12,0.011,0,0,0,0,v
2026-03-19 14:30,-0.124,0.011,0,0,0,0,v
2026-03-19 14:36,-0.118,0.011,0,0,0,0,v
2026-03-19 14:42,-0.103,0.011,0,0,0,0,v
2026-03-19 14:48,-0.082,0.011,0,0,0,0,v
2026-03-19 14:54,-0.061,0.011,0,0,0,0,v
2026-03-19 15:00,-0.037,0.011,0,0,0,0,v
2026-03-19 15:06,-0.009,0.011,0,0,0,0,v
2026-03-19 15:12,0.025,0.011,0,0,0,0,v
2026-03-19 15:18,0.065,0.011,0,0,0,0,v
2026-03-19 15:24,0.096,0.011,0,0,0,0,v
2026-03-19 15:30,0.129,0.011,0,0,0,0,v
2026-03-19 15:36,0.164,0.011,0,0,0,0,v
2026-03-19 15:42,0.198,0.011,0,0,0,0,v
2026-03-19 15:48,0.225,0.011,0,0,0,0,v
2026-03-19 15:54,0.254,0.011,0,0,0,0,v
2026-03-19 16:00,0.274,0.011,0,0,0,0,v
2026-03-19 16:06,0.296,0.011,0,0,0,0,v
2026-03-19 16:12,0.317,0.011,0,0,0,0,v
2026-03-19 16:18,0.341,0.011,0,0,0,0,v
2026-03-19 16:24,0.369,0.011,0,0,0,0,v
2026-03-19 16:30,0.401,0.011,0,0,0,0,v
2026-03-19 16:36,0.43,0.011,0,0,0,0,v
2026-03-19 16:42,0.459,0.011,0,0,0,0,v
2026-03-19 16:48,0.485,0.011,0,0,0,0,v
2026-03-19 16:54,0.507,0.011,0,0,0,0,v
2026-03-19 17:00,0.526,0.011,0,0,0,0,v
2026-03-19 17:06,0.544,0.011,0,0,0,0,v
2026-03-19 17:12,0.562,0.011,0,0,0,0,v
2026-03-19 17:18,0.583,0.011,0,0,0,0,v
2026-03-19 17:24,0.603,0.011,0,0,0,0,v
2026-03-19 17:30,0.621,0.011,0,0,0,0,v
2026-03-19 17:36,0.637,0.011,0,0,0,0,v
2026-03-19 17:42,0.652,0.011,0,0,0,0,v
2026-03-19 17:48,0.672,0.011,0,0,0,0,v
2026-03-19 17:54,0.694,0.011,0,0,0,0,v
2026-03-19 18:00,0.718,0.011,0,0,0,0,v
2026-03-19 18:06,0.747,0.011,0,0,0,0,v
2026-03-19 18:12,0.786,0.011,0,0,0,0,v
2026-03-19 18:18,0.826,0.011,0,0,0,0,v
2026-03-19 18:24,0.868,0.011,0,0,0,0,v
2026-03-19 18:30,0.913,0.011,0,0,0,0,v
2026-03-19 18:36,0.964,0.011,0,0,0,0,v
2026-03-19 18:42,1.011,0.011,0,0,0,0,v
2026-03-19 18:48,1.058,0.011,0,0,0,0,v
2026-03-19 18:54,1.105,0.011,0,0,0,0,v
2026-03-19 19:00,1.158,0.011,0,0,0,0,v
2026-03-19 19:06,1.216,0.011,0,0,0,0,v
2026-03-19 19:12,1.272,0.011,0,0,0,0,v
2026-03-19 19:18,1.322,0.011,0,0,0,0,v
2026-03-19 19:24,1.368,0.011,0,0,0,0,v
2026-03-19 19:30,1.408,0.011,0,0,0,0,v
2026-03-19 19:36,1.45,0.011,0,0,0,0,v
2026-03-19 19:42,1.488,0.011,0,0,0,0,v
2026-03-19 19:48,1.527,0.011,0,0,0,0,v
2026-03-19 19:54,1.556,0.011,0,0,0,0,v
2026-03-19 20:00,1.581,0.011,0,0,0,0,v
2026-03-19 20:06,1.604,0.011,0,0,0,0,v
2026-03-19 20:12,1.625,0.011,0,0,0,0,v
2026-03-19 20:18,1.648,0.011,0,0,0,0,v
2026-03-19 20:24,1.668,0.011,0,0,0,0,v
2026-03-19 20:30,1.687,0.011,0,0,0,0,v
2026-03-19 20:36,1.703,0.011,0,0,0,0,v
2026-03-19 20:42,1.715,0.011,0,0,0,0,v
2026-03-19 20:48,1.721,0.011,0,0,0,0,v
2026-03-19 20:54,1.725,0.011,0,0,0,0,v
2026-03-19 21:00,1.727,0.011,0,0,0,0,v
2026-03-19 21:06,1.735,0.011,0,0,0,0,v
2026-03-19 21:12,1.739,0.011,0,0,0,0,v
2026-03-19 21:18,1.742,0.011,0,0,0,0,v
2026-03-19 21:24,1.747,0.011,0,0,0,0,v
2026-03-19 21:30,1.74,0.011,0,0,0,0,v
2026-03-19 21:36,1.724,0.011,0,0,0,0,v
2026-03-19 21:42,1.704,0.011,0,0,0,0,v
2026-03-19 21:48,1.679,0.011,0,0,0,0,v
2026-03-19 21:54,1.654,0.011,0,0,0,0,v
2026-03-19 22:00,1.629,0.011,0,0,0,0,v
2026-03-19 22:06,1.601,0.011,0,0,0,0,v
2026-03-19 22:12,1.573,0.011,0,0,0,0,v
2026-03-19 22:18,1.543,0.011,0,0,0,0,v
2026-03-19 22:24,1.508,0.011,0,0,0,0,v
2026-03-19 22:30,1.469,0.011,0,0,0,0,v
2026-03-19 22:36,1.426,0.011,0,0,0,0,v
2026-03-19 22:42,1.39,0.011,0,0,0,0,v
2026-03-19 22:48,1.357,0.011,0,0,0,0,v
2026-03-19 22:54,1.325,0.011,0,0,0,0,v
2026-03-19 23:00,1.289,0.011,0,0,0,0,v
2026-03-19 23:06,1.239,0.011,0,0,0,0,v
2026-03-19 23:12,1.19,0.011,0,0,0,0,v
2026-03-19 23:18,1.145,0.011,0,0,0,0,v
2026-03-19 23:24,1.102,0.011,0,0,0,0,v
2026-03-19 23:30,1.06,0.011,0,0,0,0,v
2026-03-19 23:36,1.021,0.011,0,0,0,0,v
2026-03-19 23:42,0.979,0.011,0,0,0,0,v
2026-03-19 23:48,0.933,0.011,0,0,0,0,v
2026-03-19 23:54,0.884,0.011,0,0,0,0,v
2026-03-20 00:00,0.831,0.011,0,0,0,0,v
2026-03-20 00:06,0.778,0.011,0,0,0,0,v
2026-03-20 00:12,0.73,0.011,0,0,0,0,v
2026-03-20 00:18,0.686,0.011,0,0,0,0,v
2026-03-20 00:24,0.647,0.011,0,0,0,0,v
2026-03-20 00:30,0.608,0.011,0,0,0,0,v
2026-03-20 00:36,0.563,0.011,0,0,0,0,v
2026-03-20 00:42,0.512,0.011,0,0,0,0,v
2026-03-20 00:48,0.459,0.011,0,0,0,0,v
2026-03-20 00:54,0.407,0.011,0,0,0,0,v
2026-03-20 01:00,0.361,0.011,0,0,0,0,v
2026-03-20 01:06,0.325,0.011,0,0,0,0,v
2026-03-20 01:12,0.299,0.011,0,0,0,0,v
2026-03-20 01:18,0.276,0.011,0,0,0,0,v
2026-03-20 01:24,0.251,0.011,0,0,0,0,v
2026-03-20 01:30,0.222,0.011,0,0,0,0,v
2026-03-20 01:36,0.188,0.011,0,0,0,0,v
2026-03-20 01:42,0.152,0.011,0,0,0,0,v
2026-03-20 01:48,0.123,0.011,0,0,0,0,v
2026-03-20 01:54,0.1,0.011,0,0,0,0,v
2026-03-20 02:00,0.082,0.011,0,0,0,0,v
2026-03-20 02:06,0.069,0.011,0,0,0,0,v
2026-03-20 02:12,0.058,0.011,0,0,0,0,v
2026-03-20 02:18,0.05,0.011,0,0,0,0,v
2026-03-20 02:24,0.036,0.011,0,0,0,0,v
2026-03-20 02:30,0.019,0.011,0,0,0,0,v
2026-03-20 02:36,0.006,0.011,0,0,0,0,v
2026-03-20 02:42,0.006,0.011,0,0,0,0,v
2026-03-20 02:48,0.016,0.011,0,0,0,0,v
2026-03-20 02:54,0.027,0.011,0,0,0,0,v
2026-03-20 03:00,0.033,0.011,0,0,0,0,v
2026-03-20 03:06,0.039,0.011,0,0,0,0,v
2026-03-20 03:12,0.047,0.011,0,0,0,0,v
2026-03-20 03:18,0.053,0.011,0,0,0,0,v
2026-03-20 03:24,0.063,0.011,0,0,0,0,v
2026-03-20 03:30,0.08,0.011,0,0,0,0,v
2026-03-20 03:36,0.108,0.011,0,0,0,0,v
2026-03-20 03:42,0.139,0.011,0,0,0,0,v
2026-03-20 03:48,0.161,0.011,0,0,0,0,v
2026-03-20 03:54,0.179,0.011,0,0,0,0,v
2026-03-20 04:00,0.197,0.011,0,0,0,0,v
2026-03-20 04:06,0.213,0.011,0,0,0,0,v
2026-03-20 04:12,0.22,0.011,0,0,0,0,v
2026-03-20 04:18,0.222,0.011,0,0,0,0,v
2026-03-20 04:24,0.229,0.011,0,0,0,0,v
2026-03-20 04:30,0.241,0.011,0,0,0,0,v
2026-03-20 04:36,0.255,0.011,0,0,0,0,v
2026-03-20 04:42,0.27,0.011,0,0,0,0,v
2026-03-20 04:48,0.289,0.011,0,0,0,0,v
2026-03-20 04:54,0.304,0.011,0,0,0,0,v
2026-03-20 05:00,0.314,0.011,0,0,0,0,v
2026-03-20 05:06,0.321,0.011,0,0,0,0,v
2026-03-20 05:12,0.335,0.011,0,0,0,0,v
2026-03-20 05:18,0.353,0.011,0,0,0,0,v
2026-03-20 05:24,0.374,0.011,0,0,0,0,v
2026-03-20 05:30,0.396,0.011,0,0,0,0,v
2026-03-20 05:36,0.412,0.011,0,0,0,0,v
2026-03-20 05:42,0.423,0.011,0,0,0,0,v
2026-03-20 05:48,0.435,0.011,0,0,0,0,v
2026-03-20 05:54,0.455,0.011,0,0,0,0,v
2026-03-20 06:00,0.48,0.011,0,0,0,0,v
2026-03-20 06:06,0.497,0.011,0,0,0,0,v
2026-03-20 06:12,0.514,0.011,0,0,0,0,v
2026-03-20 06:18,0.547,0.011,0,0,0,0,v
2026-03-20 06:24,0.584,0.011,0,0,0,0,v
2026-03-20 06:30,0.595,0.011,0,0,0,0,v
2026-03-20 06:36,0.617,0.011,0,0,0,0,v
2026-03-20 06:42,0.654,0.011,0,0,0,0,v
2026-03-20 06:48,0.705,0.011,0,0,0,0,v
2026-03-20 06:54,0.747,0.011,0,0,0,0,v
2026-03-20 07:00,0.78,0.011,0,0,0,0,v
2026-03-20 07:06,0.826,0.011,0,0,0,0,v
2026-03-20 07:12,0.873,0.011,0,0,0,0,v
2026-03-20 07:18,0.911,0.011,0,0,0,0,v
2026-03-20 07:24,0.961,0.011,0,0,0,0,v
2026-03-20 07:30,1.006,0.011,0,0,0,0,v
2026-03-20 07:36,1.064,0.011,0,0,0,0,v
2026-03-20 07:42,1.116,0.011,0,0,0,0,v
2026-03-20 07:48,1.154,0.011,0,0,0,0,v
2026-03-20 07:54,1.193,0.011,0,0,0,0,v
2026-03-20 08:00,1.236,0.011,0,0,0,0,v
2026-03-20 08:06,1.272,0.011,0,0,0,0,v
2026-03-20 08:12,1.293,0.011,0,0,0,0,v
2026-03-20 08:18,1.326,0.011,0,0,0,0,v
2026-03-20 08:24,1.373,0.011,0,0,0,0,v
2026-03-20 08:30,1.418,0.011,0,0,0,0,v
2026-03-20 08:36,1.455,0.011,0,0,0,0,v
2026-03-20 08:42,1.475,0.011,0,0,0,0,v
2026-03-20 08:48,1.499,0.011,0,0,0,0,v
2026-03-20 08:54,1.528,0.011,0,0,0,0,v
2026-03-20 09:00,1.558,0.011,0,0,0,0,v
2026-03-20 09:06,1.582,0.011,0,0,0,0,v
2026-03-20 09:12,1.616,0.011,0,0,0,0,v
2026-03-20 09:18,1.62,0.011,0,0,0,0,v
2026-03-20 09:24,1.627,0.011,0,0,0,0,v
2026-03-20 09:30,1.642,0.011,0,0,0,0,v
2026-03-20 09:36,1.652,0.011,0,0,0,0,v
2026-03-20 09:42,1.662,0.011,0,0,0,0,v
2026-03-20 09:48,1.667,0.011,0,0,0,0,v
2026-03-20 09:54,1.663,0.011,0,0,0,0,v
2026-03-20 10:00,1.656,0.011,0,0,0,0,v
2026-03-20 10:06,1.642,0.011,0,0,0,0,v
2026-03-20 10:12,1.623,0.011,0,0,0,0,v
2026-03-20 10:18,1.605,0.011,0,0,0,0,v
2026-03-20 10:24,1.589,0.011,0,0,0,0,v
2026-03-20 10:30,1.571,0.011,0,0,0,0,v
2026-03-20 10:36,1.55,0.011,0,0,0,0,v
2026-03-20 10:42,1.524,0.011,0,0,0,0,v
2026-03-20 10:48,1.492,0.011,0,0,0,0,v
2026-03-20 10:54,1.456,0.011,0,0,0,0,v
2026-03-20 11:00,1.416,0.011,0,0,0,0,v
2026-03-20 11:06,1.381,0.011,0,0,0,0,v
2026-03-20 11:12,1.348,0.011,0,0,0,0,v
2026-03-20 11:18,1.312,0.011,0,0,0,0,v
2026-03-20 11:24,1.27,0.011,0,0,0,0,v
2026-03-20 11:30,1.229,0.011,0,0,0,0,v
2026-03-20 11:36,1.187,0.011,0,0,0,0,v
2026-03-20 11:42,1.14,0.011,0,0,0,0,v
2026-03-20 11:48,1.088,0.011,0,0,0,0,v
2026-03-20 11:54,1.03,0.011,0,0,0,0,v
2026-03-20 12:00,0.967,0.011,0,0,0,0,v
2026-03-20 12:06,0.912,0.011,0,0,0,0,v
2026-03-20 12:12,0.854,0.011,0,0,0,0,v
2026-03-20 12:18,0.803,0.011,0,0,0,0,v
2026-03-20 12:24,0.759,0.011,0,0,0,0,v
2026-03-20 12:30,0.717,0.011,0,0,0,0,v
2026-03-20 12:36,0.665,0.011,0,0,0,0,v
2026-03-20 12:42,0.618,0.011,0,0,0,0,v
2026-03-20 12:48,0.563,0.011,0,0,0,0,v
2026-03-20 12:54,0.517,0.011,0,0,0,0,v
2026-03-20 13:00,0.473,0.011,0,0,0,0,v
2026-03-20 13:06,0.436,0.011,0,0,0,0,v
2026-03-20 13:12,0.392,0.011,0,0,0,0,v
2026-03-20 13:18,0.357,0.011,0,0,0,0,v
2026-03-20 13:24,0.321,0.011,0,0,0,0,v
2026-03-20 13:30,0.282,0.011,0,0,0,0,v
2026-03-20 13:36,0.242,0.011,0,0,0,0,v
2026-03-20 13:42,0.204,0.011,0,0,0,0,v
2026-03-20 13:48,0.177,0.011,0,0,0,0,v
2026-03-20 13:54,0.156,0.011,0,0,0,0,v
2026-03-20 14:00,0.13,0.011,0,0,0,0,v
2026-03-20 14:06,0.106,0.011,0,0,0,0,v
2026-03-20 14:12,0.089,0.011,0,0,0,0,v
2026-03-20 14:18,0.079,0.011,0,0,0,0,v
2026-03-20 14:24,0.07,0.011,0,0,0,0,v
2026-03-20 14:30,0.061,0.011,0,0,0,0,v
2026-03-20 14:36,0.047,0.011,0,0,0,0,v
2026-03-20 14:42,0.037,0.011,0,0,0,0,v
2026-03-20 14:48,0.032,0.011,0,0,0,0,v
2026-03-20 14:54,0.028,0.011,0,0,0,0,v
2026-03-20 15:00,0.023,0.011,0,0,0,0,v
2026-03-20 15:06,0.023,0.011,0,0,0,0,v
2026-03-20 15:12,0.034,0.011,0,0,0,0,v
2026-03-20 15:18,0.054,0.011,0,0,0,0,v
2026-03-20 15:24,0.075,0.011,0,0,0,0,v
2026-03-20 15:30,0.11,0.011,0,0,0,0,v
2026-03-20 15:36,0.145,0.011,0,0,0,0,v
2026-03-20 15:42,0.177,0.011,0,0,0,0,v
2026-03-20 15:48,0.211,0.011,0,0,0,0,v
2026-03-20 15:54,0.25,0.011,0,0,0,0,v
2026-03-20 16:00,0.287,0.011,0,0,0,0,v
2026-03-20 16:06,0.327,0.011,0,0,0,0,v
2026-03-20 16:12,0.361,0.011,0,0,0,0,v
2026-03-20 16:18,0.397,0.011,0,0,0,0,v
2026-03-20 16:24,0.425,0.011,0,0,0,0,v
2026-03-20 16:30,0.444,0.011,0,0,0,0,v
2026-03-20 16:36,0.463,0.011,0,0,0,0,v
2026-03-20 16:42,0.48,0.011,0,0,0,0,v
2026-03-20 16:48,0.504,0.011,0,0,0,0,v
2026-03-20 16:54,0.535,0.011,0,0,0,0,v
2026-03-20 17:00,0.555,0.011,0,0,0,0,v
2026-03-20 17:06,0.568,0.011,0,0,0,0,v
2026-03-20 17:12,0.578,0.011,0,0,0,0,v
2026-03-20 17:18,0.582,0.011,0,0,0,0,v
2026-03-20 17:24,0.588,0.011,0,0,0,0,v
2026-03-20 17:30,0.598,0.011,0,0,0,0,v
2026-03-20 17:36,0.611,0.011,0,0,0,0,v
2026-03-20 17:42,0.627,0.011,0,0,0,0,v
2026-03-20 17:48,0.638,0.011,0,0,0,0,v
2026-03-20 17:54,0.655,0.011,0,0,0,0,v
2026-03-20 18:00,0.671,0.011,0,0,0,0,v
2026-03-20 18:06,0.694,0.011,0,0,0,0,v
2026-03-20 18:12,0.721,0.011,0,0,0,0,v
2026-03-20 18:18,0.749,0.011,0,0,0,0,v
2026-03-20 18:24,0.786,0.011,0,0,0,0,v
2026-03-20 18:30,0.825,0.011,0,0,0,0,v
2026-03-20 18:36,0.864,0.011,0,0,0,0,v
2026-03-20 18:42,0.897,0.011,0,0,0,0,v
2026-03-20 18:48,0.937,0.011,0,0,0,0,v
2026-03-20 18:54,0.975,0.011,0,0,0,0,v
2026-03-20 19:00,1.012,0.011,0,0,0,0,v
2026-03-20 19:06,1.054,0.011,0,0,0,0,v
2026-03-20 19:12,1.097,0.011,0,0,0,0,v
2026-03-20 19:18,1.145,0.011,0,0,0,0,v
2026-03-20 19:24,1.184,0.011,0,0,0,0,v
2026-03-20 19:30,1.223,0.011,0,0,0,0,v
2026-03-20 19:36,1.266,0.011,0,0,0,0,v
2026-03-20 19:42,1.312,0.011,0,0,0,0,v
2026-03-20 19:48,1.367,0.011,0,0,0,0,v
2026-03-20 19:54,1.413,0.011,0,0,0,0,v
2026-03-20 20:00,1.454,0.011,0,0,0,0,v
2026-03-20 20:06,1.483,0.011,0,0,0,0,v
2026-03-20 20:12,1.513,0.011,0,0,0,0,v
2026-03-20 20:18,1.538,0.011,0,0,0,0,v
2026-03-20 20:24,1.566,0.011,0,0,0,0,v
2026-03-20 20:30,1.6,0.011,0,0,0,0,v
2026-03-20 20:36,1.639,0.011,0,0,0,0,v
2026-03-20 20:42,1.673,0.011,0,0,0,0,v
2026-03-20 20:48,1.696,0.011,0,0,0,0,v
2026-03-20 20:54,1.722,0.011,0,0,0,0,v
2026-03-20 21:00,1.744,0.011,0,0,0,0,v
2026-03-20 21:06,1.762,0.011,0,0,0,0,v
2026-03-20 21:12,1.786,0.011,0,0,0,0,v
2026-03-20 21:18,1.816,0.011,0,0,0,0,v
2026-03-20 21:24,1.836,0.011,0,0,0,0,v
2026-03-20 21:30,1.845,0.011,0,0,0,0,v
2026-03-20 21:36,1.846,0.011,0,0,0,0,v
2026-03-20 21:42,1.842,0.011,0,0,0,0,v
2026-03-20 21:48,1.844,0.011,0,0,0,0,v
2026-03-20 21:54,1.848,0.011,0,0,0,0,v
2026-03-20 22:00,1.857,0.011,0,0,0,0,v
2026-03-20 22:06,1.859,0.011,0,0,0,0,v
2026-03-20 22:12,1.844,0.011,0,0,0,0,v
2026-03-20 22:18,1.815,0.011,0,0,0,0,v
2026-03-20 22:24,1.785,0.011,0,0,0,0,v
2026-03-20 22:30,1.762,0.011,0,0,0,0,v
2026-03-20 22:36,1.739,0.011,0,0,0,0,v
2026-03-20 22:42,1.715,0.011,0,0,0,0,v
2026-03-20 22:48,1.695,0.011,0,0,0,0,v
2026-03-20 22:54,1.673,0.011,0,0,0,0,v
2026-03-20 23:00,1.651,0.011,0,0,0,0,v
2026-03-20 23:06,1.625,0.011,0,0,0,0,v
2026-03-20 23:12,1.6,0.011,0,0,0,0,v
2026-03-20 23:18,1.579,0.011,0,0,0,0,v
2026-03-20 23:24,1.554,0.011,0,0,0,0,v
2026-03-20 23:30,1.523,0.011,0,0,0,0,v
2026-03-20 23:36,1.484,0.011,0,0,0,0,v
2026-03-20 23:42,1.449,0.011,0,0,0,0,v
2026-03-20 23:48,1.415,0.011,0,0,0,0,v
2026-03-20 23:54,1.369,0.011,0,0,0,0,v
